50122869933,Gale,,Hutts,Coyoac�n,konsultant,2017-03-07,2017-12-24,
52012868758,Sherell,,Krejcik,Azcapotzalco,konsultant,2013-01-09,2014-04-09,
60120697951,Nadia,Michiko,Chui,Iztacalco,konsultant,2014-08-21,,
39021382893,Sheldon,,Goodvin,Benito Ju�rez,prawnik,2016-03-01,,
16091786657,Joshua,Maranda,Cooey,Coyoac�n,konsultant,2013-10-13,,
18072845638,Charity,,Callez,Coyoac�n,konsultant,2015-02-12,,
91031986973,Caterina,,Kathman,Miguel Hidalgo,inżynier budowlaniec,2015-08-25,,
89101650516,Miesha,,Akhtar,Milpa Alta,konsultant,2017-03-11,,
70081956776,Anneliese,Hedwig,Loeper,Iztapalapa,konsultant,2016-07-16,,
37092066519,Fran,,Lumadue,Iztapalapa,konsultant,2017-03-12,,
60060696210,Ayana,Yanira,Canham,Miguel Hidalgo,inżynier budowlaniec,2013-09-12,,
84090416358,Jill,,Benanti,Benito Ju�rez,inżynier budowlaniec,2015-11-05,,
11101814810,Gaye,,Orttenburger,Iztacalco,konsultant,2014-08-11,2014-09-13,
22052696857,Rickey,Dawna,Trybus,Benito Ju�rez,prawnik,2017-10-08,2017-12-28,
26010821073,Kassie,,Lehnert,Gustavo A. Madero,konsultant,2015-11-22,,
42052448995,Guadalupe,,Dolin,Venustiano Carranza,prawnik,2014-10-06,,
67120724854,Delia,,Whitelightnin,Iztacalco,inżynier budowlaniec,2016-04-05,,
90053059830,Kristin,,Neimeyer,�lvaro Obreg�n,konsultant,2013-11-04,,
82022764038,Shirlene,,Colliver,Tl�huac,konsultant,2015-06-16,,
64081321359,Noriko,,Kayler,Magdalena Contreras,kierownik oddziału,2017-06-05,,
80030761638,Marcelino,Kathrin,Stoudmire,Cuauht�moc,konsultant,2015-12-20,,
67033144716,Jerrod,,Tesseneer,Magdalena Contreras,konsultant,2016-11-21,2017-12-14,
49071713116,Tari,,Raysor,Cuajimalpa de Morelos,konsultant,2015-04-15,,
92022010831,Rozella,,Setzer,Benito Ju�rez,kierownik oddziału,2015-02-22,,
27062948271,Cinthia,Karisa,Tuitt,�lvaro Obreg�n,konsultant,2016-12-08,,
68010382831,Irwin,Sade,Raschke,�lvaro Obreg�n,inżynier budowlaniec,2014-02-26,2017-01-26,
29022815739,Bibi,,Schwartzbach,Tlalpan,prawnik,2016-12-05,2017-10-11,
22111994818,Randa,,Rosi,Benito Ju�rez,konsultant,2016-12-11,2017-02-21,
18082392674,Tawna,,Broddy,Cuajimalpa de Morelos,prawnik,2013-01-13,,
50041182339,Amelia,,Topliffe,Cuajimalpa de Morelos,konsultant,2017-05-25,,
34020196113,Evan,Andra,Wigle,�lvaro Obreg�n,konsultant,2015-07-02,,
54081945994,Odette,,Stahlecker,Cuajimalpa de Morelos,inżynier budowlaniec,2015-01-22,,
95030444478,Devora,,Nickleson,Tlalpan,konsultant,2016-01-23,,
90051076613,Lurline,,Mirto,Azcapotzalco,konsultant,2014-01-12,,
10031218334,Carmelita,Holley,Machain,Azcapotzalco,inżynier budowlaniec,2013-02-16,,
61060189915,Euna,,Samaroo,Venustiano Carranza,konsultant,2016-12-26,,
80032697252,Raquel,,Windsheimer,Coyoac�n,inżynier budowlaniec,2014-07-04,,
39103046015,Lionel,,Pitz,Cuauht�moc,konsultant,2016-03-04,,
39102976612,Krystal,,Ploennigs,�lvaro Obreg�n,konsultant,2017-11-03,,
82010460133,Stefan,,Meemken,Benito Ju�rez,konsultant,2013-03-03,,
48082275350,Cheyenne,Emile,Durupan,�lvaro Obreg�n,konsultant,2013-08-05,,
19091640011,Joette,Stacey,Giefer,�lvaro Obreg�n,inżynier budowlaniec,2014-12-17,,
59041293333,Shera,,Sing,�lvaro Obreg�n,konsultant,2017-05-27,,
37072738113,Libbie,,Sabatini,Cuajimalpa de Morelos,inżynier budowlaniec,2013-11-26,,
11112611134,Ossie,,Goerke,Iztapalapa,inżynier budowlaniec,2016-05-03,,
84071432654,Stevie,,Reatherford,Magdalena Contreras,konsultant,2013-02-19,,
16061689179,Kent,,Scanio,Iztapalapa,prawnik,2015-08-23,,
73121218591,Grover,,Armbrister,Benito Ju�rez,konsultant,2015-09-18,,
69083192497,Josette,Aleisha,Pupa,Benito Ju�rez,konsultant,2017-06-21,2017-11-20,
89060515394,Ka,,Mcginnity,Gustavo A. Madero,prawnik,2013-11-24,,
76081451013,Gaynelle,,Defilippis,Coyoac�n,prawnik,2015-12-07,,
86122087053,Tory,Kandice,Gardener,Xochimilco,prawnik,2014-07-08,,
32100533179,Tanya,,Hodgen,Venustiano Carranza,inżynier budowlaniec,2016-11-05,,
91020577614,Lonnie,,Shibi,Benito Ju�rez,inżynier budowlaniec,2017-05-02,,
22071624574,Nichelle,,Seager,Iztacalco,konsultant,2015-01-07,,
73051242099,Era,,Clear,Cuauht�moc,konsultant,2014-08-27,,
60121194891,Jacquelyn,Jeannie,Pucella,Coyoac�n,konsultant,2016-12-18,,
60021037650,Cheryl,,Mette,Iztapalapa,konsultant,2014-05-17,,
70041934132,Tony,Shu,Vollick,Magdalena Contreras,konsultant,2013-12-05,,
92082211993,Jessika,,Bis,Iztapalapa,konsultant,2017-06-01,,
64071897916,Richelle,,Atchley,Cuauht�moc,konsultant,2017-07-05,,
44083197819,Beulah,,Mulinix,Coyoac�n,prawnik,2017-05-03,,
68011257358,Paulina,Selena,Nein,Magdalena Contreras,konsultant,2015-07-25,2017-05-11,
55020852432,Tu,Tai,Valdez,Xochimilco,inżynier budowlaniec,2013-06-11,,
90082961917,Gary,,Ligget,Azcapotzalco,konsultant,2014-04-05,,
38051648795,Domingo,,Vanburen,Venustiano Carranza,inżynier budowlaniec,2017-09-14,,
40062334790,Yvone,Delcie,Seung,Iztapalapa,inżynier budowlaniec,2017-07-17,,
90073111419,Hallie,,Mengsteab,Magdalena Contreras,inżynier budowlaniec,2014-07-20,,
92112333758,Lourdes,,Homewood,Magdalena Contreras,konsultant,2017-09-18,,
49013016112,Halina,,Baldy,Miguel Hidalgo,konsultant,2017-05-21,,
96112177697,Khadijah,Venus,Rear,Milpa Alta,konsultant,2015-05-18,2016-03-03,
54022155956,Noble,Randa,Nemani,Miguel Hidalgo,inżynier budowlaniec,2015-07-02,2017-09-18,
96091164277,Vanda,,Rochlitz,Cuauht�moc,konsultant,2013-08-08,2017-05-07,
62040138570,Thanh,,Templeman,Tl�huac,konsultant,2014-12-17,2017-07-04,
52110321018,Era,Addie,Ellinghuysen,Coyoac�n,konsultant,2015-06-14,,
85091771952,Arline,,Wexler,Gustavo A. Madero,konsultant,2015-10-11,,
28022225351,Verda,,Ziemke,Xochimilco,inżynier budowlaniec,2014-02-08,,
95122550177,Jerica,,Klitsch,Benito Ju�rez,inżynier budowlaniec,2016-11-06,,
37071229971,Pattie,,Roettgen,Magdalena Contreras,konsultant,2016-06-24,,
32122448453,Dreama,,Nowley,Cuajimalpa de Morelos,inżynier budowlaniec,2014-05-10,,
84011992354,Dante,,Donadio,�lvaro Obreg�n,konsultant,2017-02-18,2017-09-14,
77111480939,Tamera,Jadwiga,Gilbreth,�lvaro Obreg�n,konsultant,2015-07-21,,
88070679274,Larue,Keri,Kerschner,Xochimilco,konsultant,2017-08-19,2017-08-20,
84042878199,Darleen,Jude,Winterhalter,Milpa Alta,konsultant,2014-11-05,,
56010555515,Moon,,Bermel,Iztapalapa,konsultant,2015-12-06,,
10071567296,Myrta,Windy,Grunder,Tlalpan,prawnik,2014-03-11,,
60050514056,Daniele,,Olden,Azcapotzalco,konsultant,2016-03-14,,
35010664571,Hanna,,Okamoto,Benito Ju�rez,prawnik,2017-11-01,2017-11-02,
60010994870,Emelda,Charlsie,Mcgalliard,Milpa Alta,konsultant,2017-05-05,,
82061611830,Justin,Jenee,Fioto,Miguel Hidalgo,konsultant,2017-09-23,,
80082447432,Felicitas,David,Rubenzer,Gustavo A. Madero,konsultant,2014-07-19,,
21050580771,Laronda,,Lawer,Xochimilco,konsultant,2014-04-24,,
49050647173,Candis,,Pickford,Iztapalapa,inżynier budowlaniec,2013-06-04,,
35021397978,Coral,Zena,Harsey,Tlalpan,inżynier budowlaniec,2014-06-25,2014-11-08,
26022133375,John,Edmond,Langlinais,Cuauht�moc,inżynier budowlaniec,2016-04-01,,
72070864910,Anderson,Edelmira,Coloma,Venustiano Carranza,konsultant,2016-12-17,2017-06-05,
29030828479,Kayce,,Luangrath,�lvaro Obreg�n,prawnik,2015-09-11,,
81113030313,Zack,,Dorkin,Miguel Hidalgo,prawnik,2015-04-14,,
94042335716,Alison,Melisa,Mckinzie,Benito Ju�rez,prawnik,2013-10-05,,
75122824878,Lessie,,Scheperle,Benito Ju�rez,inżynier budowlaniec,2017-12-04,,
46081540392,Shaniqua,Lonnie,Gessner,Tlalpan,konsultant,2017-05-13,2017-08-28,
68121940856,Kaycee,,Thaman,Miguel Hidalgo,kierownik oddziału,2015-02-04,2015-09-21,
89011085417,Nancey,,Huse,Coyoac�n,konsultant,2015-05-05,,
86110478654,Odelia,Leigha,Nill,Milpa Alta,prawnik,2016-05-09,,
49081371399,Leonia,,Dicks,Magdalena Contreras,prawnik,2016-07-09,,
26102665075,Shena,,Voncannon,Coyoac�n,konsultant,2017-12-18,,
29101794935,Kimi,,Garfias,Iztapalapa,konsultant,2015-02-09,,
69012014638,Belle,,Salvatierra,Iztacalco,prawnik,2017-08-20,,
62052212376,Patrice,,Eacret,Iztapalapa,konsultant,2013-04-12,,
91112945338,Chanelle,,Repress,Tl�huac,kierownik oddziału,2016-10-16,,
73122370030,Ernest,,Ferriolo,Gustavo A. Madero,prawnik,2017-11-27,,
69102580878,Cordell,Domonique,Aarestad,�lvaro Obreg�n,inżynier budowlaniec,2013-12-11,,
71040452597,Florence,,Schunemann,Cuauht�moc,konsultant,2017-04-21,,
95111062795,Catharine,Marilou,Lafontain,Gustavo A. Madero,konsultant,2014-02-09,,
86122330854,Sherie,Deetta,Zachter,Tlalpan,kierownik oddziału,2016-12-07,,
40021132814,Carri,,Kindl,Cuajimalpa de Morelos,inżynier budowlaniec,2017-04-19,,
75040331812,Hermina,,Hempstead,Tlalpan,konsultant,2013-11-25,,
53030736133,Oretha,Lemuel,Degruy,Iztacalco,konsultant,2015-01-26,,
59061518078,Ivy,Eneida,Wischmeier,Cuajimalpa de Morelos,inżynier budowlaniec,2013-08-15,,
13010439793,Loren,Krista,Atteberry,Venustiano Carranza,konsultant,2015-05-12,,
94062925052,Carmon,,Zipkin,Tlalpan,konsultant,2015-07-16,,
87050661694,Lavette,,Mchargue,Tl�huac,konsultant,2017-11-20,,
95080450892,Justa,,Abide,Cuauht�moc,konsultant,2015-09-09,2016-03-23,
71072676295,Tyler,,Merancio,Benito Ju�rez,konsultant,2016-04-21,,
64082073699,Ernestine,,Velardi,�lvaro Obreg�n,konsultant,2014-04-16,,
64112854375,Desire,,Lebish,Venustiano Carranza,konsultant,2017-11-01,,
90072617015,Cornelius,,Donham,Venustiano Carranza,prawnik,2013-11-19,,
60051419053,Emmanuel,,Hassett,Azcapotzalco,inżynier budowlaniec,2013-01-11,,
90032353957,Ngoc,Marlin,Mikita,Cuauht�moc,konsultant,2017-01-09,2017-11-15,
67082831494,Joline,,Blackham,�lvaro Obreg�n,prawnik,2017-10-26,,
52052866774,Renita,,Sade,Coyoac�n,inżynier budowlaniec,2014-08-08,,
80102858217,Keitha,,Amsberry,Tl�huac,konsultant,2015-08-23,,
10080639571,Stephenie,,Stites,Azcapotzalco,prawnik,2014-10-05,,
95113047877,Carmelina,Shannan,Apland,Azcapotzalco,inżynier budowlaniec,2013-03-25,2014-04-24,
83050893899,Ailene,,Trentacoste,Milpa Alta,prawnik,2017-12-26,,
79082157131,Geneva,,Rodiquez,Magdalena Contreras,konsultant,2016-04-06,2016-04-19,
73120255171,Retha,Maurita,Fils,Azcapotzalco,kierownik oddziału,2013-03-05,,
40032514757,Kaci,,Frisch,Azcapotzalco,konsultant,2016-03-07,,
75120460016,Thomas,Lionel,Pecore,Milpa Alta,kierownik oddziału,2016-07-13,,
14090787310,Jerrod,,Tsan,Gustavo A. Madero,prawnik,2016-02-13,,
24101394017,Pasquale,,Palmeri,Cuauht�moc,konsultant,2015-09-13,,
96071646115,Jessenia,Florida,Stanko,Tlalpan,konsultant,2015-01-14,,
78110776733,Astrid,Stephan,Marani,Milpa Alta,konsultant,2017-07-13,,
50071817571,Faustina,,Beltz,Iztapalapa,prawnik,2017-09-18,,
55073072410,Haley,Kenisha,Leyva,Tl�huac,konsultant,2013-05-09,,
94032347215,Concha,,Spitznogle,Azcapotzalco,konsultant,2015-01-05,2017-07-10,
89061823777,Anjelica,,Coll,Coyoac�n,konsultant,2016-10-10,,
43100541336,Kaila,King,Drutman,Iztacalco,konsultant,2014-08-24,,
86040968496,Beckie,,Melnyk,Xochimilco,kierownik oddziału,2016-01-11,,
18070428271,Kirsten,,Vanniello,Venustiano Carranza,prawnik,2014-08-06,,
42080370536,Portia,Golden,Santulli,Cuauht�moc,konsultant,2015-03-14,2015-12-25,
84072179194,Glenn,,Tovias,Tl�huac,inżynier budowlaniec,2014-06-08,,
91020476838,Palmira,,Trojan,Iztacalco,prawnik,2016-08-02,,
10060176474,Ethyl,Aleida,Crayne,Iztapalapa,kierownik oddziału,2013-05-25,,
70120476331,Jan,Jeffery,Ress,Gustavo A. Madero,konsultant,2016-12-24,,
27010372316,Ronnie,,Brisendine,Coyoac�n,konsultant,2013-05-15,,
11070261358,Arthur,,Devazier,�lvaro Obreg�n,konsultant,2016-05-11,,
71122897614,Ha,Elana,Benoy,Tlalpan,konsultant,2013-08-01,,
45122469955,Joni,Mignon,Stevener,Azcapotzalco,konsultant,2013-08-20,,
25061133977,Cheyenne,,Routzen,Xochimilco,konsultant,2014-05-17,,
41042346219,Jackeline,Tomeka,Flecther,Xochimilco,prawnik,2016-02-12,2017-12-01,
42042811354,Nathanial,,Drechsler,Cuajimalpa de Morelos,prawnik,2017-05-08,,
41011497654,Cole,,Minot,�lvaro Obreg�n,prawnik,2016-03-10,,
80051498139,Ilana,,Deodato,Venustiano Carranza,kierownik oddziału,2017-05-10,,
64061556355,Teodora,Camellia,Rechtzigel,Xochimilco,konsultant,2015-12-02,2016-05-15,
66032770915,Dara,Leta,Gallati,Cuajimalpa de Morelos,konsultant,2017-06-26,,
67051529038,Domenica,Jerrica,Trobaugh,Xochimilco,konsultant,2013-06-01,,
80080982559,Hulda,Erica,Selvaggio,�lvaro Obreg�n,konsultant,2017-12-27,,
83121710597,Jean,Desirae,Ciampanella,�lvaro Obreg�n,inżynier budowlaniec,2015-10-08,,
91042949295,Emmitt,,Tunon,Tlalpan,konsultant,2017-06-25,,
70053061530,Rita,,Hirao,Cuajimalpa de Morelos,konsultant,2015-11-20,2017-09-10,
55123118130,Lurlene,Phyllis,Dunklin,Cuauht�moc,konsultant,2014-06-07,,
54071787979,Rudy,,Conninghan,Milpa Alta,konsultant,2014-05-26,,
80081363032,Jenna,Karolyn,Sharley,Venustiano Carranza,kierownik oddziału,2015-07-14,2015-09-10,
91031077039,Thaddeus,Teofila,Lips,Cuajimalpa de Morelos,konsultant,2017-01-18,2017-02-21,
60100268397,Argentina,,Baranick,Cuajimalpa de Morelos,konsultant,2016-08-14,,
64100745278,Sook,Joshua,Rees,Iztapalapa,inżynier budowlaniec,2017-08-21,2017-12-03,
65102637633,Rayford,,Denardo,Miguel Hidalgo,konsultant,2014-07-07,,
92071590010,Loree,Thi,Lummus,Gustavo A. Madero,konsultant,2013-05-18,,
10040383797,Cathey,Piedad,Revis,Azcapotzalco,konsultant,2015-12-17,,
60072023619,Dallas,Thea,Rueckert,Cuauht�moc,konsultant,2013-11-01,,
60120966556,Ronda,,Calise,Tl�huac,konsultant,2017-04-16,,
15101981431,Debi,Georgeann,Torno,Miguel Hidalgo,prawnik,2015-09-24,,
62111617096,Terrell,,Aplington,Miguel Hidalgo,kierownik oddziału,2014-11-16,,
70052850816,Randi,Drucilla,Volstad,Iztacalco,konsultant,2013-02-13,,
85091640351,Terrilyn,,Getts,Cuajimalpa de Morelos,konsultant,2015-05-12,,
27122589350,Jenniffer,,Stott,Benito Ju�rez,konsultant,2013-06-04,2015-03-10,
88070683516,Maria,,Horvers,Coyoac�n,konsultant,2017-07-12,,
68030631432,Laurene,,Bodon,Milpa Alta,konsultant,2016-03-24,,
42051466273,Joellen,,Dulemba,�lvaro Obreg�n,konsultant,2016-08-11,,
88051253516,Shelba,,Work,Azcapotzalco,prawnik,2014-06-24,2016-10-25,
60120441277,Arnette,Rita,Doucett,�lvaro Obreg�n,inżynier budowlaniec,2016-10-27,,
85052754398,Jin,,Popi,Coyoac�n,prawnik,2014-07-14,2017-08-14,
75042047832,Aron,,Blackstar,Gustavo A. Madero,prawnik,2015-06-03,,
91012125678,Lin,,Naso,Iztapalapa,inżynier budowlaniec,2014-10-01,,
82031672577,Jodi,,Jager,Cuauht�moc,konsultant,2015-04-16,,
46012470075,Lyle,,Qiu,�lvaro Obreg�n,konsultant,2015-09-22,,
16040832873,Ouida,Lavon,Girdler,Milpa Alta,konsultant,2014-02-09,,
69111756253,Lia,,Leben,Venustiano Carranza,konsultant,2016-11-24,,
97091358019,Nancee,,Reitsma,Cuauht�moc,konsultant,2015-11-03,,
77072892552,Elba,Lorelei,Okie,Venustiano Carranza,konsultant,2017-01-19,,
75121168753,Delbert,,Hinh,Cuajimalpa de Morelos,konsultant,2013-01-20,,
35091279196,Rachael,,Brous,Venustiano Carranza,inżynier budowlaniec,2014-10-14,,
95120528116,Esther,Donn,Osburn,Milpa Alta,konsultant,2017-10-16,2017-12-11,
21100281830,Vella,,Holstine,Benito Ju�rez,konsultant,2013-05-01,,
94120324135,Darryl,Carla,Tadeo,Coyoac�n,inżynier budowlaniec,2017-06-10,,
19081856112,Antonia,Venita,Waugh,Venustiano Carranza,inżynier budowlaniec,2016-09-04,,
95091077590,Leigha,,Vegetabile,Cuajimalpa de Morelos,inżynier budowlaniec,2016-06-26,,
76100876674,Rufina,Evelia,Dartt,Cuajimalpa de Morelos,konsultant,2017-05-06,2017-12-26,
84122567317,Lino,,Rodemoyer,Iztacalco,kierownik oddziału,2013-11-03,2017-09-09,
62113059355,Emilia,,Looby,Iztacalco,konsultant,2013-07-02,,
84111961111,Lucile,,Felice,Cuauht�moc,konsultant,2014-10-14,,
60102335093,Farah,,Gragg,�lvaro Obreg�n,konsultant,2015-04-26,2017-07-17,
66011971131,Tatiana,Roseanna,Campfield,Milpa Alta,inżynier budowlaniec,2013-06-11,,
68082862330,Eleanora,Buena,Bowdre,Cuauht�moc,inżynier budowlaniec,2016-05-23,,
66010843756,Hedy,,Lazares,Gustavo A. Madero,prawnik,2017-01-02,2017-04-01,
43022246375,Leonora,,Appert,�lvaro Obreg�n,konsultant,2016-02-13,,
45011929092,Maegan,,Carlini,Xochimilco,inżynier budowlaniec,2013-01-27,,
85011083530,Eli,,Sewer,Cuauht�moc,konsultant,2017-06-11,,
54110481338,Margit,,Lowry,Magdalena Contreras,konsultant,2015-09-13,,
43060362530,Ginette,,Schehr,Tl�huac,inżynier budowlaniec,2017-06-20,,
62060448514,Pasquale,Harley,Gutieres,Iztacalco,konsultant,2016-09-22,,
30092931090,Deja,,Kennet,Tlalpan,konsultant,2015-09-01,2017-11-28,
83010575357,Ngoc,,Keszler,Iztacalco,inżynier budowlaniec,2013-02-13,2013-12-16,
41071997679,Sonya,,Perriott,Xochimilco,konsultant,2016-10-20,,
58091053151,Monroe,Mario,Adamis,Tl�huac,konsultant,2013-10-23,2014-02-20,
63061386612,Almeta,Keven,Egge,Cuauht�moc,konsultant,2016-12-22,,
77042568197,Wanda,,Burkle,Tlalpan,konsultant,2015-02-11,,
60020226057,Gregory,,Shead,Gustavo A. Madero,konsultant,2014-12-04,,
10062490992,Randee,,Paparelli,Milpa Alta,inżynier budowlaniec,2017-03-10,,
88042625850,Darby,Trudy,Franculli,Gustavo A. Madero,kierownik oddziału,2015-08-14,2015-10-06,
15112339715,Haley,,Quartiero,Cuauht�moc,konsultant,2015-11-15,,
84052733134,Shavon,,Walentoski,Xochimilco,konsultant,2013-06-20,2014-03-23,
15021517017,Zofia,,Kontogiannis,Magdalena Contreras,inżynier budowlaniec,2015-01-10,,
33121227016,Lavina,Vanesa,Carli,Milpa Alta,konsultant,2017-08-27,,
56030386971,Phuong,,Cafagno,Magdalena Contreras,konsultant,2014-10-26,,
75032748237,Benita,,Goldfield,Xochimilco,konsultant,2016-04-03,2016-04-15,
68032524655,Britney,,Ormonde,Gustavo A. Madero,inżynier budowlaniec,2013-03-18,,
42072081611,Zelda,Erlinda,Stalford,Xochimilco,kierownik oddziału,2013-06-17,,
77070947537,Dulce,,Delavergne,Miguel Hidalgo,konsultant,2017-06-20,,
44072789117,Alonzo,,Waughtal,Cuajimalpa de Morelos,konsultant,2015-02-01,,
24100462779,Venetta,,Colarossi,Magdalena Contreras,konsultant,2016-05-23,2016-11-22,
68021482555,Delila,,Truchon,Miguel Hidalgo,inżynier budowlaniec,2013-03-07,,
10062037658,Bulah,,Mavraganis,Cuauht�moc,konsultant,2017-02-18,,
20010519938,Jeff,,Gushue,�lvaro Obreg�n,konsultant,2015-06-03,,
21032090119,Melvin,,Barraza,Venustiano Carranza,konsultant,2014-03-10,,
82120514614,Julia,,Beadell,Cuajimalpa de Morelos,konsultant,2017-07-20,,
82112749053,Robin,,Hanes,Azcapotzalco,konsultant,2015-06-06,,
65101634433,Hugh,Rashida,Todd,Iztacalco,konsultant,2017-10-25,,
28011636391,Cody,,Minge,Cuajimalpa de Morelos,konsultant,2013-11-23,2016-01-20,
97070458091,Fred,,Margeson,Tl�huac,inżynier budowlaniec,2014-01-05,,
78121069758,Cameron,Stephine,Barze,Gustavo A. Madero,konsultant,2015-03-05,,
75021525739,Damon,Deangelo,Deserio,Cuajimalpa de Morelos,konsultant,2016-10-19,2017-08-23,
49071324938,Kareen,,Towery,Cuauht�moc,inżynier budowlaniec,2016-06-18,2017-08-08,
72031732634,Anibal,,Shiel,Cuauht�moc,konsultant,2016-03-19,,
80123096953,Shirlee,,Scobey,Xochimilco,inżynier budowlaniec,2015-08-22,2016-12-07,
77121279154,Carissa,,Westrick,Tlalpan,konsultant,2017-04-13,,
26090950199,Anderson,Connie,Jesenovec,Magdalena Contreras,konsultant,2014-09-20,2016-09-16,
40041787016,Marcela,,Youngblood,Xochimilco,konsultant,2015-01-25,,
74121696215,Dagmar,,Dermott,Benito Ju�rez,konsultant,2014-11-25,,
71082672179,Jae,,Ferland,Milpa Alta,inżynier budowlaniec,2017-06-19,,
23102098418,Joe,,Bernier,Cuauht�moc,konsultant,2014-12-11,,
62051364272,Delta,,Mailes,Coyoac�n,konsultant,2013-04-10,2015-12-22,
61081985611,Elisabeth,Yulanda,Hannaford,Gustavo A. Madero,prawnik,2017-08-18,,
80021261235,Ashly,,Sowder,Milpa Alta,konsultant,2016-11-22,,
41021478674,Desirae,,Alewine,Miguel Hidalgo,konsultant,2015-12-09,,
49092493776,Lakeshia,,Maharrey,Xochimilco,kierownik oddziału,2017-07-01,,
61031530533,Gianna,,Vanabel,Gustavo A. Madero,konsultant,2014-07-16,,
63010437079,Dirk,,Nagao,Venustiano Carranza,inżynier budowlaniec,2016-10-12,,
81012472214,Jermaine,,Henery,Tlalpan,konsultant,2015-05-06,2017-06-14,
50120911410,Antonietta,Doyle,Geryol,Iztacalco,konsultant,2015-10-11,,
82102862775,Nichol,,Schauf,Coyoac�n,inżynier budowlaniec,2015-02-26,,
50030281892,Pete,,Culberth,�lvaro Obreg�n,prawnik,2016-10-10,,
68052166615,Wally,,Gervin,Coyoac�n,konsultant,2013-10-11,,
94021641418,Muriel,Arica,Dambakly,Gustavo A. Madero,konsultant,2016-12-07,,
69062363973,Kraig,,Stoney,Magdalena Contreras,konsultant,2015-07-23,,
67051220359,Philomena,,Fire,Gustavo A. Madero,konsultant,2014-07-13,,
52012951274,Randy,,Kazarian,Iztacalco,konsultant,2015-02-10,,
62051861113,Alan,,Rabuck,Iztacalco,kierownik oddziału,2013-04-06,,
78081635293,Lelia,,Mozena,Venustiano Carranza,konsultant,2016-02-08,,
41010647197,Isabelle,Antonetta,Soller,Gustavo A. Madero,prawnik,2013-10-04,,
51021699810,Zana,Alana,Verlinden,Azcapotzalco,konsultant,2014-08-13,,
90031598553,Daniell,,Kaplun,Milpa Alta,konsultant,2013-11-24,,
15010245617,Tuan,,Guier,Tlalpan,konsultant,2013-08-22,,
92092850430,Brian,,Galassini,Iztapalapa,konsultant,2016-04-19,,
18061836759,Brittaney,Elsy,Hanninen,Magdalena Contreras,prawnik,2016-02-12,,
67022829332,Shane,Leanora,Rauner,Iztapalapa,inżynier budowlaniec,2014-02-18,,
83032149859,Leif,,Munsen,Azcapotzalco,prawnik,2015-12-06,,
53042918293,Colby,,Otey,Milpa Alta,konsultant,2014-03-01,,
17110710752,Lamont,,Nienhaus,Magdalena Contreras,inżynier budowlaniec,2013-09-11,,
90082620432,Nada,Alesia,Flett,Milpa Alta,kierownik oddziału,2017-05-23,,
70030284893,Vannessa,Tony,Frazey,Cuauht�moc,prawnik,2013-08-08,,
20081340213,Christeen,,Deluise,Iztapalapa,konsultant,2017-10-08,,
19011853815,Norine,Ardath,Craigmiles,Iztapalapa,kierownik oddziału,2016-01-19,,
20121450234,Colby,Shanta,Montellano,Iztacalco,prawnik,2017-03-01,,
90071871135,Susannah,,Goulas,�lvaro Obreg�n,prawnik,2016-08-06,,
32012859291,Nilsa,,Olague,Gustavo A. Madero,konsultant,2015-05-04,,
30030467416,Ai,,Gardy,Azcapotzalco,prawnik,2013-03-08,,
68080471619,Shayna,Shantay,Bleier,�lvaro Obreg�n,inżynier budowlaniec,2017-05-26,,
37032993710,Denita,,Prins,Iztacalco,konsultant,2016-07-23,,
88051490632,Emma,,Koeppen,Iztapalapa,konsultant,2013-12-17,2015-03-15,
58121215731,Donovan,,Noggler,Xochimilco,inżynier budowlaniec,2013-10-07,,
65061820617,Bernadette,,Gauron,Iztapalapa,inżynier budowlaniec,2016-04-14,,
82121173193,Jackie,Eugenia,Menesez,Miguel Hidalgo,konsultant,2017-12-02,,
60111793839,Willena,Wendolyn,Bellomy,Tl�huac,prawnik,2015-03-04,,
75111025613,Alvin,,Felciano,Milpa Alta,konsultant,2015-08-10,2017-02-02,
30082087455,Norman,Dewey,Cogan,Cuauht�moc,konsultant,2013-02-06,,
60022411990,Martina,Delores,Jeleniewski,Milpa Alta,konsultant,2014-02-12,,
62030859193,Jewell,,Schmied,Magdalena Contreras,konsultant,2013-07-09,,
10040182358,Pattie,,Schwaderer,�lvaro Obreg�n,konsultant,2014-03-25,,
80090145692,Shanelle,,Milloy,Coyoac�n,konsultant,2014-01-18,,
86052447714,Myrtice,,Kabala,Gustavo A. Madero,inżynier budowlaniec,2017-11-02,2017-11-07,
78082345911,Cornell,,Mathwich,Xochimilco,prawnik,2017-06-22,,
97011461359,Larissa,Joie,Lohrman,Cuauht�moc,konsultant,2017-10-19,,
60060973571,Lydia,,Arps,Cuajimalpa de Morelos,konsultant,2017-12-18,,
92052882697,Kelsie,,Mankey,Tlalpan,konsultant,2014-11-14,,
89011022317,Chris,,Harpel,Iztapalapa,inżynier budowlaniec,2017-03-27,,
75081377295,Asha,,Youla,Milpa Alta,inżynier budowlaniec,2015-11-08,,
75112775593,Lenard,,Dumont,Iztapalapa,konsultant,2017-04-14,2017-09-28,
37092136395,Dayna,,Dalman,Milpa Alta,konsultant,2014-01-11,,
65030682611,Michel,,Battani,Coyoac�n,konsultant,2014-06-02,,
74082434411,Justin,Kim,Lindemann,Tl�huac,konsultant,2015-05-12,,
37070282591,Carol,,Dinsmore,Venustiano Carranza,konsultant,2016-10-23,,
77063034114,Deandre,Ranae,Oesterreich,Milpa Alta,konsultant,2017-08-20,2017-10-20,
68040256757,Ching,,Pidro,Magdalena Contreras,konsultant,2015-12-27,,
62040923653,Jaime,,Morphis,�lvaro Obreg�n,inżynier budowlaniec,2017-09-14,,
69042361818,Mozell,,Millward,Magdalena Contreras,inżynier budowlaniec,2015-04-02,,
25020821954,Wanita,,Soula,Gustavo A. Madero,konsultant,2015-07-07,,
27032034278,Janean,,Mchattie,Miguel Hidalgo,konsultant,2013-12-25,2015-02-02,
31040989639,Lanita,Annett,Monterrubio,Miguel Hidalgo,prawnik,2014-12-11,2016-09-21,
71092426199,Mazie,Joette,Kitzmiller,Iztacalco,konsultant,2017-04-26,,
36101452778,Estell,,Mesta,Tl�huac,kierownik oddziału,2016-12-11,2017-01-18,
35073144771,Marylouise,,Pletsch,Iztacalco,konsultant,2015-03-11,2017-11-10,
42111762194,Tanisha,,Lamirand,Tl�huac,prawnik,2016-11-19,,
79053169095,Lyndia,,Revello,Iztapalapa,prawnik,2015-05-02,,
40042275411,Reda,,Kruzan,Benito Ju�rez,konsultant,2013-11-24,,
65031816631,Carolann,,Favieri,Tl�huac,inżynier budowlaniec,2015-05-09,,
16102035778,Kelly,Luther,Pylvainen,Xochimilco,konsultant,2016-06-19,2017-08-22,
95110421012,Janine,Cyrus,Gonzelas,Benito Ju�rez,konsultant,2013-09-15,,
66072147595,Gino,Clifford,Reagon,Benito Ju�rez,konsultant,2017-11-20,,
85090256735,Debroah,,Lowenstein,�lvaro Obreg�n,konsultant,2014-12-26,2016-03-19,
49073061231,Tynisha,,Munnell,Cuajimalpa de Morelos,konsultant,2015-01-18,,
84041236293,Armandina,Milissa,Grosjean,Cuajimalpa de Morelos,konsultant,2016-10-16,,
87120176536,Sadie,,Yeah,Tlalpan,konsultant,2014-10-27,,
30021634393,Marcelo,,Monsour,Coyoac�n,konsultant,2016-09-14,,
38042172913,Belia,Sam,Sickels,Cuauht�moc,konsultant,2014-08-25,,
86010926291,Roxane,,Heppeard,Iztacalco,konsultant,2013-02-25,,
46091999272,Laurinda,,Gollehon,Iztacalco,konsultant,2015-04-08,2016-11-23,
87021145655,Gussie,,Saffold,Venustiano Carranza,konsultant,2016-12-22,,
88062736051,Marcela,Jody,Kitagawa,Azcapotzalco,konsultant,2013-05-03,,
67022340518,Amada,,Geronime,Iztacalco,konsultant,2015-01-14,,
89020494952,Tabatha,,Vitorino,Venustiano Carranza,inżynier budowlaniec,2014-04-06,,
78052389679,Liana,,Prokop,Xochimilco,konsultant,2016-03-14,,
36051127010,Han,,Cuddihee,Tlalpan,prawnik,2015-02-21,,
78122174196,Roselia,Kimiko,Luevano,Milpa Alta,konsultant,2015-02-09,,
95082612832,Lavon,,Casuscelli,Miguel Hidalgo,konsultant,2017-02-07,2017-11-10,
23102060930,Rubye,,Printy,Benito Ju�rez,konsultant,2013-11-11,2014-05-18,
44070418031,Estella,,Saeteun,Tl�huac,konsultant,2013-10-21,,
22062185231,Zita,,Schoeller,Coyoac�n,konsultant,2013-11-15,,
11062127659,Elmer,,Grandmont,Venustiano Carranza,konsultant,2015-03-23,,
40022424790,Jae,,Mashak,Cuauht�moc,inżynier budowlaniec,2015-02-06,,
43111068211,Ryan,Coleman,Saad,Magdalena Contreras,konsultant,2015-07-07,2017-01-20,
77092112575,Brandee,,Burback,Cuauht�moc,konsultant,2013-08-18,,
51041035313,Marinda,,Morgandi,Venustiano Carranza,inżynier budowlaniec,2013-09-10,,
73111216772,Ernestina,Whitley,Mcgrevey,Iztacalco,konsultant,2015-03-25,,
82071741851,Hilario,,Herrold,Benito Ju�rez,prawnik,2017-01-14,,
77082998334,Marlene,Meg,Gritton,Cuauht�moc,konsultant,2013-12-12,2016-02-15,
29052271710,Trinidad,Aubrey,Audi,Coyoac�n,konsultant,2015-02-24,,
93080178310,Tim,,Netley,Tlalpan,konsultant,2013-08-27,2016-05-11,
94082875359,Marco,,Pullon,Tlalpan,konsultant,2017-03-20,,
18082137738,Demetria,,Strycker,Tl�huac,prawnik,2015-01-14,,
47053096673,Charley,,Calico,Coyoac�n,konsultant,2016-10-12,,
45020331271,Delphine,,Helt,�lvaro Obreg�n,inżynier budowlaniec,2016-08-07,,
80082832036,Tennie,Kathi,Miltz,Iztapalapa,konsultant,2013-07-07,,
95010247390,Akiko,,Cloward,�lvaro Obreg�n,konsultant,2016-07-25,2017-12-14,
18090226970,Lizbeth,,Decrosta,Benito Ju�rez,konsultant,2017-09-16,,
16042572513,Raymonde,,Ruliffson,�lvaro Obreg�n,inżynier budowlaniec,2017-09-17,2017-10-05,
81051082351,Aletha,,Hartt,Iztacalco,prawnik,2015-09-09,2016-06-08,
33042066899,Loyce,William,Strotman,Iztacalco,konsultant,2014-02-07,,
70051215214,Kandis,Kendra,Bottex,Miguel Hidalgo,inżynier budowlaniec,2014-05-16,,
44092228030,Danna,,Baehr,Tl�huac,inżynier budowlaniec,2016-02-13,,
10090163013,Daisy,Nina,Buttermore,Milpa Alta,inżynier budowlaniec,2013-08-14,,
53020116370,Yvette,,Ono,Cuajimalpa de Morelos,kierownik oddziału,2016-04-10,,
85041581437,Alejandrina,,Merta,Azcapotzalco,kierownik oddziału,2015-07-18,,
66121194497,Willena,Brendan,Weigelt,�lvaro Obreg�n,inżynier budowlaniec,2017-02-13,,
36032757896,Darius,,Baul,Azcapotzalco,konsultant,2016-06-15,2017-12-28,
47040237276,Hope,Florencia,Zarn,Iztacalco,konsultant,2015-04-10,,
21060451739,Su,,Traver,Miguel Hidalgo,prawnik,2015-12-11,2017-10-05,
50022517352,Verlie,,Hogsten,Cuajimalpa de Morelos,prawnik,2015-08-15,,
59012145575,Octavia,,Hendrickson,Magdalena Contreras,konsultant,2014-05-07,,
39120315653,Dagmar,,Jenquin,Tl�huac,konsultant,2015-02-12,,
83012827155,Meri,,Huhtasaari,Iztapalapa,konsultant,2015-11-18,,
19112021971,Brooks,,Shipes,Coyoac�n,konsultant,2013-11-05,,
94031145456,Dusty,Elizbeth,Vue,Iztacalco,konsultant,2013-09-14,,
25120721134,Myrtice,Cruz,Baumgardt,Cuajimalpa de Morelos,inżynier budowlaniec,2016-08-07,,
73092579211,Lourie,,Hawse,�lvaro Obreg�n,prawnik,2016-07-03,,
68030377378,Stephanie,,Kieff,Iztapalapa,prawnik,2014-07-17,,
50072512932,Shalonda,Marylouise,Spulick,Azcapotzalco,konsultant,2016-03-17,2016-11-24,
76033184857,Griselda,,Kutzer,Tlalpan,konsultant,2016-11-18,,
39121445931,Jadwiga,Valencia,Sackrider,Coyoac�n,konsultant,2015-08-01,,
94052416290,Kasie,,Equiluz,Cuauht�moc,konsultant,2017-12-08,,
34111446493,Mohammad,Stefany,Arroyano,Xochimilco,prawnik,2013-12-25,,
69111933791,Wesley,Jame,Cambell,Azcapotzalco,inżynier budowlaniec,2017-12-14,,
85090644318,Misha,,Tawwab,Venustiano Carranza,kierownik oddziału,2015-11-08,,
75012419533,Tempie,,Malkin,Tlalpan,inżynier budowlaniec,2016-09-27,,
10080767094,Londa,Lester,Larochelle,Xochimilco,konsultant,2013-06-15,2014-01-03,
41102180739,Marjorie,,Corning,Cuauht�moc,inżynier budowlaniec,2017-12-10,,
39042549459,Conchita,,Walkes,Cuajimalpa de Morelos,inżynier budowlaniec,2013-06-27,,
77022027135,Janette,,Gramajo,Miguel Hidalgo,prawnik,2016-02-13,2017-05-07,
27081659154,Rufus,Santiago,Andueza,Venustiano Carranza,konsultant,2014-07-18,,
63052989714,Justin,,Talbott,Iztacalco,konsultant,2015-12-15,,
70041968098,Bebe,,Naeve,Cuajimalpa de Morelos,konsultant,2017-04-13,,
84020124672,Dagmar,,Schlitzer,Miguel Hidalgo,konsultant,2013-05-07,2015-10-21,
39070697133,Neely,,Flecha,Miguel Hidalgo,konsultant,2017-06-10,2017-10-19,
11091684431,Donetta,,Alsman,Milpa Alta,konsultant,2017-02-15,,
96012878755,Hattie,Rosalinda,Chery,Coyoac�n,konsultant,2016-05-06,,
11080316257,Risa,Edmund,Pigott,Iztapalapa,inżynier budowlaniec,2017-07-12,,
84122595857,Genevie,,Poehler,Azcapotzalco,konsultant,2013-04-17,,
86011788395,Justa,,Coonfare,Tl�huac,konsultant,2015-05-24,,
39040723811,Belia,,Rychlicki,Cuauht�moc,inżynier budowlaniec,2017-08-20,2017-09-23,
25071724251,Milagro,,Kesselman,Tlalpan,inżynier budowlaniec,2017-11-02,,
97031899790,Salley,Yasuko,Lahm,Iztapalapa,konsultant,2015-07-18,,
71020679233,Nancey,,Iwasaki,Coyoac�n,konsultant,2017-01-15,2017-03-28,
89031775057,Lavette,,Veitch,Benito Ju�rez,prawnik,2017-03-02,,
72120797432,Brigette,,Goranson,Tlalpan,konsultant,2017-12-20,,
90101014154,Linnea,Debi,Mattock,Cuajimalpa de Morelos,konsultant,2014-09-01,2017-08-25,
94101321139,Corey,,Novack,Milpa Alta,konsultant,2013-01-24,,
91121245973,Yuriko,,Leerar,Cuajimalpa de Morelos,inżynier budowlaniec,2016-07-01,,
76092386973,Cythia,Hyon,Kentner,Magdalena Contreras,prawnik,2017-07-07,,
77112555610,Dierdre,Kirby,Towery,�lvaro Obreg�n,konsultant,2015-07-18,,
43042060236,Raguel,,Yeakle,Iztapalapa,inżynier budowlaniec,2014-07-26,,
17121354132,Nannette,,Widmann,Tl�huac,konsultant,2017-08-23,2017-12-28,
30072256915,Mirella,,Yuasa,Tl�huac,inżynier budowlaniec,2013-03-17,,
83120971737,Lavonne,Kandra,Camerano,Azcapotzalco,prawnik,2013-01-20,,
62111281499,Maritza,,Maras,Tl�huac,konsultant,2013-06-19,,
23081074896,Shari,Cecelia,Demaio,�lvaro Obreg�n,konsultant,2015-03-26,,
72062567810,Claude,Ramiro,Busby,Tl�huac,inżynier budowlaniec,2016-01-13,,
78061124575,Amada,,Dison,Gustavo A. Madero,konsultant,2016-12-09,,
23021522454,Kathleen,,Gaertner,Tlalpan,inżynier budowlaniec,2017-03-11,,
23051680474,Charita,,Postlewait,Gustavo A. Madero,prawnik,2015-09-10,2017-06-07,
69030150590,Janella,,Dednam,�lvaro Obreg�n,inżynier budowlaniec,2015-11-11,,
87022232693,Leon,Virgen,Caldarella,Cuauht�moc,inżynier budowlaniec,2017-02-01,,
68043045473,Leann,,Ramler,Milpa Alta,inżynier budowlaniec,2016-09-16,,
86041851658,Tawnya,,Ingersoll,Cuauht�moc,prawnik,2017-02-03,,
18060482456,Camelia,,Goodknight,Iztapalapa,konsultant,2013-11-05,,
60022339591,Lavada,,Hemann,Magdalena Contreras,kierownik oddziału,2014-06-16,,
64101144915,Jc,,Delang,Coyoac�n,konsultant,2013-12-24,,
65100116732,Lupe,,Sudak,Milpa Alta,kierownik oddziału,2016-11-21,2017-02-25,
87010683971,Jolie,,Verrilli,Iztacalco,konsultant,2014-07-06,,
24061857719,Kelley,,Hebner,Miguel Hidalgo,konsultant,2016-06-15,,
71080794558,Exie,,Monjure,Miguel Hidalgo,konsultant,2017-05-22,,
14041089638,Melida,Lekisha,Jorge,Iztapalapa,konsultant,2017-10-04,,
84021520453,Candelaria,,Tarter,Tl�huac,inżynier budowlaniec,2015-08-02,,
17031322511,Rena,Sabra,Navaretta,Tl�huac,konsultant,2016-05-24,,
64111015355,Mozelle,,Czwakiel,Cuauht�moc,inżynier budowlaniec,2017-05-26,,
58113097914,Kandy,,Stroede,Iztacalco,konsultant,2013-04-09,,
92030794879,Anissa,Josphine,Hindle,�lvaro Obreg�n,inżynier budowlaniec,2015-02-12,,
46050967735,Lawerence,,Fluegge,Gustavo A. Madero,konsultant,2017-08-19,2017-08-24,
16071492974,Eddie,Trinity,Raiola,�lvaro Obreg�n,inżynier budowlaniec,2017-07-25,,
65042585173,Babara,,Cuizon,Coyoac�n,konsultant,2016-12-10,,
70021195539,Nakia,,Canepa,Xochimilco,konsultant,2017-06-12,,
59050927016,Melissa,Benny,Spader,Cuauht�moc,konsultant,2013-02-27,,
39050710496,Elicia,,Loyal,Benito Ju�rez,konsultant,2016-02-05,,
83012357654,Iesha,,Stalter,Azcapotzalco,konsultant,2016-05-03,,
95103180717,Ma,,Gilhuly,Miguel Hidalgo,konsultant,2014-07-04,2016-12-04,
63051911112,Tim,,Piszczek,Miguel Hidalgo,konsultant,2014-06-19,,
77031492254,Clara,,Taulbee,�lvaro Obreg�n,konsultant,2017-09-10,,
90011294433,Viki,Shirlee,Pline,Miguel Hidalgo,inżynier budowlaniec,2016-05-06,,
78080572913,Margrett,,Domagalski,Coyoac�n,konsultant,2017-12-17,,
76012415833,Brice,,Seldin,Coyoac�n,konsultant,2015-06-20,,
75112294555,Kirby,Emiko,Correll,Iztapalapa,konsultant,2016-12-24,,
30102494014,Onie,,Emswiler,Benito Ju�rez,konsultant,2017-02-19,,
14082764851,Ira,,Mcelhenney,Venustiano Carranza,konsultant,2015-08-14,,
16123029695,Jammie,Allene,Demoranville,Benito Ju�rez,konsultant,2014-11-06,,
36012428994,Tomas,,Roethel,Iztacalco,prawnik,2013-03-25,,
13101761796,Saul,,Gilson,Gustavo A. Madero,inżynier budowlaniec,2016-03-05,,
28051450292,Toby,,Dinuzzo,Iztacalco,konsultant,2016-12-18,,
95080415390,Lupe,,Drish,Gustavo A. Madero,prawnik,2014-07-06,,
74032766630,Bo,,Takenaka,Cuajimalpa de Morelos,prawnik,2017-07-05,,
80021729458,Dannielle,,Renison,Benito Ju�rez,inżynier budowlaniec,2014-07-15,,
14112290895,Mercy,,Lucious,Coyoac�n,konsultant,2017-08-17,2017-11-21,
56051295311,Fernando,,Perrelli,Tl�huac,prawnik,2017-04-19,,
53012517253,Dolores,,Ruzzo,Cuajimalpa de Morelos,konsultant,2016-02-03,,
95032188150,Cruz,Linsey,Shelvy,Gustavo A. Madero,inżynier budowlaniec,2016-06-25,,
30031196535,Antoinette,,Loehr,Magdalena Contreras,konsultant,2016-07-01,,
12032264871,Chanda,Rowena,Dahlhauser,Gustavo A. Madero,konsultant,2017-04-08,,
89010318398,Trish,Lacey,Goede,Magdalena Contreras,inżynier budowlaniec,2013-01-22,,
76041780032,Annamae,,Lies,�lvaro Obreg�n,konsultant,2016-04-07,,
92022094839,Ginny,,Sansburn,Cuauht�moc,prawnik,2014-04-22,,
91063069558,Magdalen,,Stolt,Magdalena Contreras,inżynier budowlaniec,2013-12-09,,
28052888074,Joanna,,Visnic,Tl�huac,konsultant,2016-01-22,2017-08-16,
72041634555,Edda,Anita,Preist,Coyoac�n,konsultant,2015-11-07,,
57041097995,Apryl,,Pagaduan,Miguel Hidalgo,inżynier budowlaniec,2013-12-24,,
78040890112,Hanna,,Uutela,Cuauht�moc,konsultant,2016-05-09,2017-02-03,
28122951235,Jesusa,,Mirafuentes,Milpa Alta,konsultant,2013-11-23,2016-07-13,
93073144054,Jule,,Quinnie,Azcapotzalco,konsultant,2017-12-24,,
42061198755,Isaias,Wynell,Cumbo,Iztapalapa,konsultant,2017-06-16,,
64021497999,Freida,Sherron,Raby,Iztapalapa,konsultant,2016-09-06,,
11040451455,Carie,,Zurn,Cuajimalpa de Morelos,prawnik,2017-08-07,,
73050168651,Lashawn,,Gronosky,Milpa Alta,prawnik,2013-03-06,,
